[{"id":"290","field_id":4,"fields":[{"id":"0","type":"name","label":"Name","format":"first-last","description":"","size":"large","simple_placeholder":"","simple_default":"","first_placeholder":"First name","first_default":"","middle_placeholder":"","middle_default":"","last_placeholder":"Last name","last_default":"","label_hide":"1","sublabel_hide":"1","css":""},{"id":"1","type":"email","label":"Email","description":"","size":"large","placeholder":"Enter email address","confirmation_placeholder":"","label_hide":"1","default_value":"","css":"","filter_type":"","allowlist":"","denylist":""},{"id":"2","type":"textarea","label":"Comment or Message","description":"","size":"large","placeholder":"Enter your message","label_hide":"1","limit_count":"1","limit_mode":"characters","default_value":"","css":""}],"settings":{"form_title":"Contact Form","form_desc":"","form_class":"","submit_text":"Send Message","submit_text_processing":"Sending...","submit_class":"","antispam":"1","notification_enable":"1","notifications":{"1":{"email":"{admin_email}","subject":"New Entry: Simple Contact Form","sender_name":"Cycle Shop","sender_address":"{admin_email}","replyto":"{field_id=\"1\"}","message":"{all_fields}"}},"confirmations":{"1":{"type":"message","message":"\u003Cp\u003EThanks for contacting us! We will be in touch with you shortly.\u003C\/p\u003E","message_scroll":"1","page":"20","redirect":""}}},"meta":{"template":"contact"}}]